0,1,2,3,4
29,3000.0,0,3648.8771428571426,1.36856
29,3300.0,0,3948.8771428571426,1.36856
29,3600.0,0,4248.877142857143,1.36856
17,5100.0,0,5765.435714285714,1.8322
17,5400.0,0,6065.435714285714,1.8322
31,5400.0,0,6058.717142857143,1.64408
31,5700.0,0,6358.717142857143,1.64408
31,6000.0,0,6658.717142857143,1.64408
31,6300.0,0,6958.717142857143,1.64408
8,7500.0,0,8143.782857142857,1.2259200000000001
8,7800.0,0,8443.782857142856,1.2259200000000001
3,18000.0,0,18624.70857142857,0.69184
3,18300.0,0,18924.70857142857,0.69184
1,18000.0,0,18607.08,0.19824
1,18300.0,0,18907.08,0.19824
5,18000.0,0,18607.324285714287,0.20508
5,18300.0,0,18907.324285714287,0.20508
5,18600.0,0,19207.324285714287,0.20508
27,20100.0,0,20738.318571428572,1.07292
27,20400.0,0,21038.318571428572,1.07292
35,20400.0,0,21081.62,2.2853600000000003
35,20700.0,0,21381.62,2.2853600000000003
35,21000.0,0,21681.62,2.2853600000000003
35,21300.0,0,21981.62,2.2853600000000003
24,20400.0,0,21019.068571428572,0.53392
24,20700.0,0,21319.068571428572,0.53392
2,20700.0,0,21314.522857142856,0.40664
23,21000.0,0,21620.504285714287,0.57412
23,21300.0,0,21920.504285714287,0.57412
23,21600.0,0,22220.504285714287,0.57412
26,21600.0,0,22228.862857142856,0.80816
9,21600.0,0,22253.121428571427,1.4874
9,21900.0,0,22553.121428571427,1.4874
9,22200.0,0,22853.121428571427,1.4874
9,22500.0,0,23153.121428571427,1.4874
32,21900.0,0,22556.935714285715,1.5942
32,22200.0,0,22856.935714285715,1.5942
43,21900.0,0,22602.39,2.86692
50,22200.0,0,22920.652857142857,3.37828
50,22500.0,0,23220.652857142857,3.37828
8,24600.0,0,25243.782857142858,1.2259200000000001
8,24900.0,0,25543.782857142858,1.2259200000000001
47,24900.0,0,25592.24,2.5827199999999997
47,25200.0,0,25892.24,2.5827199999999997
40,24900.0,0,25618.035714285714,3.305
40,25200.0,0,25918.035714285714,3.305
40,25500.0,0,26218.035714285714,3.305
40,25800.0,0,26518.035714285714,3.305
3,24900.0,0,25524.70857142857,0.69184
3,25200.0,0,25824.70857142857,0.69184
3,25500.0,0,26124.70857142857,0.69184
27,24900.0,0,25538.318571428572,1.07292
37,24900.0,0,25574.86,2.09608
37,25200.0,0,25874.86,2.09608
45,25200.0,0,25912.32857142857,3.1452
45,25500.0,0,26212.32857142857,3.1452
45,25800.0,0,26512.32857142857,3.1452
39,26100.0,0,26784.282857142858,2.3599200000000002
51,26400.0,0,27113.931428571428,3.19008
51,26700.0,0,27413.931428571428,3.19008
52,27000.0,0,27716.01714285714,3.2484800000000003
52,27300.0,0,28016.01714285714,3.2484800000000003
44,27300.0,0,28036.484285714287,3.82156
44,27600.0,0,28336.484285714287,3.82156
44,27900.0,0,28636.484285714287,3.82156
44,28200.0,0,28936.484285714287,3.82156
29,27900.0,0,28548.87714285714,1.36856
16,27900.0,0,28559.064285714285,1.6538
16,28200.0,0,28859.064285714285,1.6538
16,28500.0,0,29159.064285714285,1.6538
33,29400.0,0,30069.018571428573,1.93252
33,29700.0,0,30369.018571428573,1.93252
25,31800.0,0,32429.192857142858,0.8174
25,32100.0,0,32729.192857142858,0.8174
25,32400.0,0,33029.19285714286,0.8174
19,33000.0,0,33666.89428571428,1.87304
19,33300.0,0,33966.89428571428,1.87304
56,33000.0,0,33730.54,3.65512
56,33300.0,0,34030.54,3.65512
23,35100.0,0,35720.50428571428,0.57412
23,35400.0,0,36020.50428571428,0.57412
10,35100.0,0,35703.47142857143,0.09720000000000001
10,35400.0,0,36003.47142857143,0.09720000000000001
10,35700.0,0,36303.47142857143,0.09720000000000001
11,35700.0,0,36303.12857142857,0.0876
11,36000.0,0,36603.12857142857,0.0876
11,36300.0,0,36903.12857142857,0.0876
6,36300.0,0,36924.205714285716,0.67776
6,36600.0,0,37224.205714285716,0.67776
57,36300.0,0,37043.59857142857,4.02076
57,36600.0,0,37343.59857142857,4.02076
35,36600.0,0,37281.62,2.2853600000000003
35,36900.0,0,37581.62,2.2853600000000003
55,36600.0,0,37332.72142857143,3.7161999999999997
17,36900.0,0,37565.43571428571,1.8322
17,37200.0,0,37865.43571428571,1.8322
16,36900.0,0,37559.06428571429,1.6538
16,37200.0,0,37859.06428571429,1.6538
37,37500.0,0,38174.86,2.09608
37,37800.0,0,38474.86,2.09608
37,38100.0,0,38774.86,2.09608
37,38400.0,0,39074.86,2.09608
34,37800.0,0,38467.47285714286,1.88924
34,38100.0,0,38767.47285714286,1.88924
39,37800.0,0,38484.282857142854,2.3599200000000002
39,38100.0,0,38784.282857142854,2.3599200000000002
39,38400.0,0,39084.282857142854,2.3599200000000002
29,37800.0,0,38448.87714285714,1.36856
29,38100.0,0,38748.87714285714,1.36856
29,38400.0,0,39048.87714285714,1.36856
29,38700.0,0,39348.87714285714,1.36856
52,39000.0,0,39716.01714285714,3.2484800000000003
52,39300.0,0,40016.01714285714,3.2484800000000003
52,39600.0,0,40316.01714285714,3.2484800000000003
33,39000.0,0,39669.01857142857,1.93252
33,39300.0,0,39969.01857142857,1.93252
33,39600.0,0,40269.01857142857,1.93252
33,39900.0,0,40569.01857142857,1.93252
13,39300.0,0,39982.25142857143,2.30304
13,39600.0,0,40282.25142857143,2.30304
13,39900.0,0,40582.25142857143,2.30304
42,39300.0,0,40027.19857142857,3.56156
42,39600.0,0,40327.19857142857,3.56156
42,39900.0,0,40627.19857142857,3.56156
14,39600.0,0,40287.44142857143,2.44836
14,39900.0,0,40587.44142857143,2.44836
7,39600.0,0,40234.724285714285,0.97228
7,39900.0,0,40534.724285714285,0.97228
7,40200.0,0,40834.724285714285,0.97228
7,40500.0,0,41134.724285714285,0.97228
25,39600.0,0,40229.19285714286,0.8174
25,39900.0,0,40529.19285714286,0.8174
25,40200.0,0,40829.19285714286,0.8174
25,40500.0,0,41129.19285714286,0.8174
30,39900.0,0,40548.43142857143,1.35608
30,40200.0,0,40848.43142857143,1.35608
30,40500.0,0,41148.43142857143,1.35608
50,40200.0,0,40920.65285714286,3.37828
50,40500.0,0,41220.65285714286,3.37828
50,40800.0,0,41520.65285714286,3.37828
19,40200.0,0,40866.89428571428,1.87304
19,40500.0,0,41166.89428571428,1.87304
19,40800.0,0,41466.89428571428,1.87304
55,40500.0,0,41232.72142857143,3.7161999999999997
41,40500.0,0,41194.03857142857,2.63308
41,40800.0,0,41494.03857142857,2.63308
9,40800.0,0,41453.12142857143,1.4874
9,41100.0,0,41753.12142857143,1.4874
10,40800.0,0,41403.47142857143,0.09720000000000001
28,41100.0,0,41740.067142857144,1.1218800000000002
28,41400.0,0,42040.067142857144,1.1218800000000002
1,41100.0,0,41707.08,0.19824
49,41400.0,0,42103.75571428571,2.90516
58,41400.0,0,42136.92857142857,3.834
58,41700.0,0,42436.92857142857,3.834
53,42300.0,0,43025.52428571429,3.51468
35,42300.0,0,42981.62,2.2853600000000003
35,42600.0,0,43281.62,2.2853600000000003
35,42900.0,0,43581.62,2.2853600000000003
35,43200.0,0,43881.62,2.2853600000000003
32,42600.0,0,43256.93571428571,1.5942
8,42600.0,0,43243.782857142854,1.2259200000000001
8,42900.0,0,43543.782857142854,1.2259200000000001
31,42600.0,0,43258.717142857146,1.64408
31,42900.0,0,43558.717142857146,1.64408
31,43200.0,0,43858.717142857146,1.64408
46,42900.0,0,43641.131428571425,3.95168
46,43200.0,0,43941.131428571425,3.95168
33,43800.0,0,44469.01857142857,1.93252
33,44100.0,0,44769.01857142857,1.93252
15,43800.0,0,44494.29285714286,2.6401999999999997
15,44100.0,0,44794.29285714286,2.6401999999999997
17,43800.0,0,44465.43571428571,1.8322
36,43800.0,0,44498.15285714286,2.7482800000000003
36,44100.0,0,44798.15285714286,2.7482800000000003
5,44100.0,0,44707.32428571428,0.20508
18,44400.0,0,45066.54285714286,1.8632000000000002
18,44700.0,0,45366.54285714286,1.8632000000000002
29,44400.0,0,45048.87714285714,1.36856
29,44700.0,0,45348.87714285714,1.36856
29,45000.0,0,45648.87714285714,1.36856
37,44700.0,0,45374.86,2.09608
37,45000.0,0,45674.86,2.09608
37,45300.0,0,45974.86,2.09608
39,45000.0,0,45684.282857142854,2.3599200000000002
39,45300.0,0,45984.282857142854,2.3599200000000002
39,45600.0,0,46284.282857142854,2.3599200000000002
39,45900.0,0,46584.282857142854,2.3599200000000002
23,45000.0,0,45620.50428571428,0.57412
23,45300.0,0,45920.50428571428,0.57412
25,45600.0,0,46229.19285714286,0.8174
25,45900.0,0,46529.19285714286,0.8174
25,46200.0,0,46829.19285714286,0.8174
57,45600.0,0,46343.59857142857,4.02076
57,45900.0,0,46643.59857142857,4.02076
57,46200.0,0,46943.59857142857,4.02076
8,46500.0,0,47143.782857142854,1.2259200000000001
8,46800.0,0,47443.782857142854,1.2259200000000001
8,47100.0,0,47743.782857142854,1.2259200000000001
8,47400.0,0,48043.782857142854,1.2259200000000001
11,46500.0,0,47103.12857142857,0.0876
11,46800.0,0,47403.12857142857,0.0876
11,47100.0,0,47703.12857142857,0.0876
10,46800.0,0,47403.47142857143,0.09720000000000001
10,47100.0,0,47703.47142857143,0.09720000000000001
3,46800.0,0,47424.70857142857,0.69184
3,47100.0,0,47724.70857142857,0.69184
3,47400.0,0,48024.70857142857,0.69184
3,47700.0,0,48324.70857142857,0.69184
41,46800.0,0,47494.03857142857,2.63308
6,47100.0,0,47724.205714285716,0.67776
6,47400.0,0,48024.205714285716,0.67776
6,47700.0,0,48324.205714285716,0.67776
6,48000.0,0,48624.205714285716,0.67776
58,47100.0,0,47836.92857142857,3.834
42,47400.0,0,48127.19857142857,3.56156
42,47700.0,0,48427.19857142857,3.56156
45,47700.0,0,48412.328571428574,3.1452
45,48000.0,0,48712.328571428574,3.1452
53,47700.0,0,48425.52428571429,3.51468
53,48000.0,0,48725.52428571429,3.51468
53,48300.0,0,49025.52428571429,3.51468
53,48600.0,0,49325.52428571429,3.51468
14,48000.0,0,48687.44142857143,2.44836
14,48300.0,0,48987.44142857143,2.44836
14,48600.0,0,49287.44142857143,2.44836
14,48900.0,0,49587.44142857143,2.44836
20,48000.0,0,48671.95142857143,2.01464
20,48300.0,0,48971.95142857143,2.01464
20,48600.0,0,49271.95142857143,2.01464
20,48900.0,0,49571.95142857143,2.01464
9,48600.0,0,49253.12142857143,1.4874
9,48900.0,0,49553.12142857143,1.4874
9,49200.0,0,49853.12142857143,1.4874
7,48600.0,0,49234.724285714285,0.97228
7,48900.0,0,49534.724285714285,0.97228
34,49500.0,0,50167.47285714286,1.88924
34,49800.0,0,50467.47285714286,1.88924
13,49500.0,0,50182.25142857143,2.30304
13,49800.0,0,50482.25142857143,2.30304
26,49800.0,0,50428.862857142856,0.80816
26,50100.0,0,50728.862857142856,0.80816
22,50100.0,0,50711.497142857144,0.32192000000000004
22,50400.0,0,51011.497142857144,0.32192000000000004
22,50700.0,0,51311.497142857144,0.32192000000000004
22,51000.0,0,51611.497142857144,0.32192000000000004
50,50400.0,0,51120.65285714286,3.37828
50,50700.0,0,51420.65285714286,3.37828
19,50400.0,0,51066.89428571428,1.87304
19,50700.0,0,51366.89428571428,1.87304
19,51000.0,0,51666.89428571428,1.87304
19,51300.0,0,51966.89428571428,1.87304
24,50700.0,0,51319.06857142857,0.53392
24,51000.0,0,51619.06857142857,0.53392
55,51000.0,0,51732.72142857143,3.7161999999999997
55,51300.0,0,52032.72142857143,3.7161999999999997
55,51600.0,0,52332.72142857143,3.7161999999999997
56,51000.0,0,51730.54,3.65512
56,51300.0,0,52030.54,3.65512
1,51300.0,0,51907.08,0.19824
15,51300.0,0,51994.29285714286,2.6401999999999997
39,51600.0,0,52284.282857142854,2.3599200000000002
39,51900.0,0,52584.282857142854,2.3599200000000002
39,52200.0,0,52884.282857142854,2.3599200000000002
28,51600.0,0,52240.067142857144,1.1218800000000002
28,51900.0,0,52540.067142857144,1.1218800000000002
28,52200.0,0,52840.067142857144,1.1218800000000002
35,51600.0,0,52281.62,2.2853600000000003
35,51900.0,0,52581.62,2.2853600000000003
31,51900.0,0,52558.717142857146,1.64408
31,52200.0,0,52858.717142857146,1.64408
25,51900.0,0,52529.19285714286,0.8174
25,52200.0,0,52829.19285714286,0.8174
25,52500.0,0,53129.19285714286,0.8174
57,52200.0,0,52943.59857142857,4.02076
57,52500.0,0,53243.59857142857,4.02076
57,52800.0,0,53543.59857142857,4.02076
57,53100.0,0,53843.59857142857,4.02076
18,52500.0,0,53166.54285714286,1.8632000000000002
18,52800.0,0,53466.54285714286,1.8632000000000002
18,53100.0,0,53766.54285714286,1.8632000000000002
39,52500.0,0,53184.282857142854,2.3599200000000002
39,52800.0,0,53484.282857142854,2.3599200000000002
39,53100.0,0,53784.282857142854,2.3599200000000002
38,52800.0,0,53507.55285714286,3.01148
38,53100.0,0,53807.55285714286,3.01148
16,52800.0,0,53459.06428571429,1.6538
16,53100.0,0,53759.06428571429,1.6538
8,53400.0,0,54043.782857142854,1.2259200000000001
8,53700.0,0,54343.782857142854,1.2259200000000001
8,54000.0,0,54643.782857142854,1.2259200000000001
8,54300.0,0,54943.782857142854,1.2259200000000001
32,53700.0,0,54356.93571428571,1.5942
32,54000.0,0,54656.93571428571,1.5942
32,54300.0,0,54956.93571428571,1.5942
43,53700.0,0,54402.39,2.86692
43,54000.0,0,54702.39,2.86692
43,54300.0,0,55002.39,2.86692
17,53700.0,0,54365.43571428571,1.8322
17,54000.0,0,54665.43571428571,1.8322
17,54300.0,0,54965.43571428571,1.8322
2,54000.0,0,54614.52285714286,0.40664
27,54000.0,0,54638.31857142857,1.07292
27,54300.0,0,54938.31857142857,1.07292
27,54600.0,0,55238.31857142857,1.07292
54,54300.0,0,55020.84857142857,3.38376
54,54600.0,0,55320.84857142857,3.38376
54,54900.0,0,55620.84857142857,3.38376
54,55200.0,0,55920.84857142857,3.38376
33,54300.0,0,54969.01857142857,1.93252
33,54600.0,0,55269.01857142857,1.93252
33,54900.0,0,55569.01857142857,1.93252
33,55200.0,0,55869.01857142857,1.93252
40,54600.0,0,55318.03571428572,3.305
40,54900.0,0,55618.03571428572,3.305
40,55200.0,0,55918.03571428572,3.305
6,54900.0,0,55524.205714285716,0.67776
6,55200.0,0,55824.205714285716,0.67776
30,54900.0,0,55548.43142857143,1.35608
30,55200.0,0,55848.43142857143,1.35608
10,54900.0,0,55503.47142857143,0.09720000000000001
10,55200.0,0,55803.47142857143,0.09720000000000001
10,55500.0,0,56103.47142857143,0.09720000000000001
53,55200.0,0,55925.52428571429,3.51468
53,55500.0,0,56225.52428571429,3.51468
53,55800.0,0,56525.52428571429,3.51468
53,56100.0,0,56825.52428571429,3.51468
34,55500.0,0,56167.47285714286,1.88924
34,55800.0,0,56467.47285714286,1.88924
9,56100.0,0,56753.12142857143,1.4874
9,56400.0,0,57053.12142857143,1.4874
9,56700.0,0,57353.12142857143,1.4874
9,57000.0,0,57653.12142857143,1.4874
31,56700.0,0,57358.717142857146,1.64408
31,57000.0,0,57658.717142857146,1.64408
31,57300.0,0,57958.717142857146,1.64408
23,57300.0,0,57920.50428571428,0.57412
23,57600.0,0,58220.50428571428,0.57412
23,57900.0,0,58520.50428571428,0.57412
23,58200.0,0,58820.50428571428,0.57412
32,57300.0,0,57956.93571428571,1.5942
32,57600.0,0,58256.93571428571,1.5942
57,57300.0,0,58043.59857142857,4.02076
57,57600.0,0,58343.59857142857,4.02076
57,57900.0,0,58643.59857142857,4.02076
56,57600.0,0,58330.54,3.65512
56,57900.0,0,58630.54,3.65512
56,58200.0,0,58930.54,3.65512
55,57600.0,0,58332.72142857143,3.7161999999999997
55,57900.0,0,58632.72142857143,3.7161999999999997
55,58200.0,0,58932.72142857143,3.7161999999999997
13,57900.0,0,58582.25142857143,2.30304
13,58200.0,0,58882.25142857143,2.30304
25,57900.0,0,58529.19285714286,0.8174
25,58200.0,0,58829.19285714286,0.8174
28,57900.0,0,58540.067142857144,1.1218800000000002
35,58200.0,0,58881.62,2.2853600000000003
35,58500.0,0,59181.62,2.2853600000000003
35,58800.0,0,59481.62,2.2853600000000003
35,59100.0,0,59781.62,2.2853600000000003
29,58500.0,0,59148.87714285714,1.36856
29,58800.0,0,59448.87714285714,1.36856
29,59100.0,0,59748.87714285714,1.36856
42,58500.0,0,59227.19857142857,3.56156
42,58800.0,0,59527.19857142857,3.56156
40,59100.0,0,59818.03571428572,3.305
1,59400.0,0,60007.08,0.19824
1,59700.0,0,60307.08,0.19824
30,59700.0,0,60348.43142857143,1.35608
30,60000.0,0,60648.43142857143,1.35608
30,60300.0,0,60948.43142857143,1.35608
30,60600.0,0,61248.43142857143,1.35608
6,59700.0,0,60324.205714285716,0.67776
6,60000.0,0,60624.205714285716,0.67776
6,60300.0,0,60924.205714285716,0.67776
20,60300.0,0,60971.95142857143,2.01464
20,60600.0,0,61271.95142857143,2.01464
20,60900.0,0,61571.95142857143,2.01464
38,60300.0,0,61007.55285714286,3.01148
23,60300.0,0,60920.50428571428,0.57412
23,60600.0,0,61220.50428571428,0.57412
23,60900.0,0,61520.50428571428,0.57412
46,60600.0,0,61341.131428571425,3.95168
46,60900.0,0,61641.131428571425,3.95168
19,60900.0,0,61566.89428571428,1.87304
19,61200.0,0,61866.89428571428,1.87304
22,60900.0,0,61511.497142857144,0.32192000000000004
22,61200.0,0,61811.497142857144,0.32192000000000004
22,61500.0,0,62111.497142857144,0.32192000000000004
7,60900.0,0,61534.724285714285,0.97228
7,61200.0,0,61834.724285714285,0.97228
7,61500.0,0,62134.724285714285,0.97228
32,61200.0,0,61856.93571428571,1.5942
32,61500.0,0,62156.93571428571,1.5942
32,61800.0,0,62456.93571428571,1.5942
13,61200.0,0,61882.25142857143,2.30304
13,61500.0,0,62182.25142857143,2.30304
13,61800.0,0,62482.25142857143,2.30304
5,61500.0,0,62107.32428571428,0.20508
5,61800.0,0,62407.32428571428,0.20508
16,62100.0,0,62759.06428571429,1.6538
16,62400.0,0,63059.06428571429,1.6538
16,62700.0,0,63359.06428571429,1.6538
16,63000.0,0,63659.06428571429,1.6538
44,62100.0,0,62836.48428571429,3.82156
44,62400.0,0,63136.48428571429,3.82156
25,62100.0,0,62729.19285714286,0.8174
15,62400.0,0,63094.29285714286,2.6401999999999997
15,62700.0,0,63394.29285714286,2.6401999999999997
15,63000.0,0,63694.29285714286,2.6401999999999997
8,62400.0,0,63043.782857142854,1.2259200000000001
27,63000.0,0,63638.31857142857,1.07292
27,63300.0,0,63938.31857142857,1.07292
27,63600.0,0,64238.31857142857,1.07292
27,63900.0,0,64538.31857142857,1.07292
41,63000.0,0,63694.03857142857,2.63308
41,63300.0,0,63994.03857142857,2.63308
41,63600.0,0,64294.03857142857,2.63308
24,63300.0,0,63919.06857142857,0.53392
24,63600.0,0,64219.06857142857,0.53392
37,63600.0,0,64274.86,2.09608
37,63900.0,0,64574.86,2.09608
31,63600.0,0,64258.717142857146,1.64408
55,63600.0,0,64332.72142857143,3.7161999999999997
55,63900.0,0,64632.72142857143,3.7161999999999997
55,64200.0,0,64932.72142857143,3.7161999999999997
55,64500.0,0,65232.72142857143,3.7161999999999997
36,63900.0,0,64598.15285714286,2.7482800000000003
36,64200.0,0,64898.15285714286,2.7482800000000003
52,63900.0,0,64616.01714285714,3.2484800000000003
52,64200.0,0,64916.01714285714,3.2484800000000003
52,64500.0,0,65216.01714285714,3.2484800000000003
57,64200.0,0,64943.59857142857,4.02076
57,64500.0,0,65243.59857142857,4.02076
57,64800.0,0,65543.59857142858,4.02076
9,64500.0,0,65153.12142857143,1.4874
35,64500.0,0,65181.62,2.2853600000000003
35,64800.0,0,65481.62,2.2853600000000003
18,64800.0,0,65466.54285714286,1.8632000000000002
26,65100.0,0,65728.86285714286,0.80816
53,65100.0,0,65825.52428571429,3.51468
53,65400.0,0,66125.52428571429,3.51468
53,65700.0,0,66425.52428571429,3.51468
47,65400.0,0,66092.24,2.5827199999999997
47,65700.0,0,66392.24,2.5827199999999997
47,66000.0,0,66692.24,2.5827199999999997
17,65400.0,0,66065.43571428572,1.8322
17,65700.0,0,66365.43571428572,1.8322
42,66000.0,0,66727.19857142857,3.56156
28,66300.0,0,66940.06714285714,1.1218800000000002
28,66600.0,0,67240.06714285714,1.1218800000000002
15,66300.0,0,66994.29285714286,2.6401999999999997
15,66600.0,0,67294.29285714286,2.6401999999999997
43,66900.0,0,67602.39,2.86692
43,67200.0,0,67902.39,2.86692
43,67500.0,0,68202.39,2.86692
43,67800.0,0,68502.39,2.86692
11,67200.0,0,67803.12857142858,0.0876
11,67500.0,0,68103.12857142858,0.0876
11,67800.0,0,68403.12857142858,0.0876
11,68100.0,0,68703.12857142858,0.0876
54,67500.0,0,68220.84857142858,3.38376
54,67800.0,0,68520.84857142858,3.38376
7,67500.0,0,68134.72428571428,0.97228
7,67800.0,0,68434.72428571428,0.97228
7,68100.0,0,68734.72428571428,0.97228
10,67800.0,0,68403.47142857143,0.09720000000000001
10,68100.0,0,68703.47142857143,0.09720000000000001
32,68100.0,0,68756.93571428572,1.5942
34,68100.0,0,68767.47285714286,1.88924
34,68400.0,0,69067.47285714286,1.88924
34,68700.0,0,69367.47285714286,1.88924
30,68100.0,0,68748.43142857144,1.35608
49,68100.0,0,68803.75571428571,2.90516
49,68400.0,0,69103.75571428571,2.90516
49,68700.0,0,69403.75571428571,2.90516
49,69000.0,0,69703.75571428571,2.90516
14,68700.0,0,69387.44142857143,2.44836
14,69000.0,0,69687.44142857143,2.44836
14,69300.0,0,69987.44142857143,2.44836
47,68700.0,0,69392.24,2.5827199999999997
47,69000.0,0,69692.24,2.5827199999999997
47,69300.0,0,69992.24,2.5827199999999997
57,69000.0,0,69743.59857142858,4.02076
57,69300.0,0,70043.59857142858,4.02076
25,69000.0,0,69629.19285714286,0.8174
25,69300.0,0,69929.19285714286,0.8174
25,69600.0,0,70229.19285714286,0.8174
39,69300.0,0,69984.28285714285,2.3599200000000002
39,69600.0,0,70284.28285714285,2.3599200000000002
55,69300.0,0,70032.72142857143,3.7161999999999997
55,69600.0,0,70332.72142857143,3.7161999999999997
1,69300.0,0,69907.08,0.19824
1,69600.0,0,70207.08,0.19824
1,69900.0,0,70507.08,0.19824
16,69600.0,0,70259.06428571428,1.6538
16,69900.0,0,70559.06428571428,1.6538
20,69900.0,0,70571.95142857142,2.01464
20,70200.0,0,70871.95142857142,2.01464
41,70200.0,0,70894.03857142857,2.63308
18,71100.0,0,71766.54285714286,1.8632000000000002
18,71400.0,0,72066.54285714286,1.8632000000000002
18,71700.0,0,72366.54285714286,1.8632000000000002
18,72000.0,0,72666.54285714286,1.8632000000000002
31,71100.0,0,71758.71714285715,1.64408
31,71400.0,0,72058.71714285715,1.64408
31,71700.0,0,72358.71714285715,1.64408
28,71700.0,0,72340.06714285714,1.1218800000000002
28,72000.0,0,72640.06714285714,1.1218800000000002
9,72000.0,0,72653.12142857142,1.4874
22,72000.0,0,72611.49714285714,0.32192000000000004
22,72300.0,0,72911.49714285714,0.32192000000000004
33,72300.0,0,72969.01857142858,1.93252
33,72600.0,0,73269.01857142858,1.93252
40,72600.0,0,73318.03571428571,3.305
40,72900.0,0,73618.03571428571,3.305
40,73200.0,0,73918.03571428571,3.305
48,73500.0,0,74211.18571428572,3.1132
48,73800.0,0,74511.18571428572,3.1132
48,74100.0,0,74811.18571428572,3.1132
11,73500.0,0,74103.12857142858,0.0876
11,73800.0,0,74403.12857142858,0.0876
11,74100.0,0,74703.12857142858,0.0876
42,73500.0,0,74227.19857142857,3.56156
42,73800.0,0,74527.19857142857,3.56156
25,73800.0,0,74429.19285714286,0.8174
25,74100.0,0,74729.19285714286,0.8174
43,74100.0,0,74802.39,2.86692
43,74400.0,0,75102.39,2.86692
14,74400.0,0,75087.44142857143,2.44836
14,74700.0,0,75387.44142857143,2.44836
14,75000.0,0,75687.44142857143,2.44836
2,74700.0,0,75314.52285714286,0.40664
2,75000.0,0,75614.52285714286,0.40664
2,75300.0,0,75914.52285714286,0.40664
57,75000.0,0,75743.59857142858,4.02076
57,75300.0,0,76043.59857142858,4.02076
57,75600.0,0,76343.59857142858,4.02076
10,75000.0,0,75603.47142857143,0.09720000000000001
10,75300.0,0,75903.47142857143,0.09720000000000001
8,75300.0,0,75943.78285714285,1.2259200000000001
8,75600.0,0,76243.78285714285,1.2259200000000001
8,75900.0,0,76543.78285714285,1.2259200000000001
8,76200.0,0,76843.78285714285,1.2259200000000001
32,75300.0,0,75956.93571428572,1.5942
32,75600.0,0,76256.93571428572,1.5942
32,75900.0,0,76556.93571428572,1.5942
54,75600.0,0,76320.84857142858,3.38376
54,75900.0,0,76620.84857142858,3.38376
36,75900.0,0,76598.15285714286,2.7482800000000003
36,76200.0,0,76898.15285714286,2.7482800000000003
36,76500.0,0,77198.15285714286,2.7482800000000003
17,76200.0,0,76865.43571428572,1.8322
17,76500.0,0,77165.43571428572,1.8322
17,76800.0,0,77465.43571428572,1.8322
30,76500.0,0,77148.43142857144,1.35608
30,76800.0,0,77448.43142857144,1.35608
30,77100.0,0,77748.43142857144,1.35608
30,77400.0,0,78048.43142857144,1.35608
31,76800.0,0,77458.71714285715,1.64408
39,77100.0,0,77784.28285714285,2.3599200000000002
39,77400.0,0,78084.28285714285,2.3599200000000002
39,77700.0,0,78384.28285714285,2.3599200000000002
28,77400.0,0,78040.06714285714,1.1218800000000002
50,77400.0,0,78120.65285714286,3.37828
50,77700.0,0,78420.65285714286,3.37828
55,77400.0,0,78132.72142857143,3.7161999999999997
14,77400.0,0,78087.44142857143,2.44836
14,77700.0,0,78387.44142857143,2.44836
19,77700.0,0,78366.89428571428,1.87304
19,78000.0,0,78666.89428571428,1.87304
29,77700.0,0,78348.87714285715,1.36856
45,78300.0,0,79012.32857142857,3.1452
45,78600.0,0,79312.32857142857,3.1452
45,78900.0,0,79612.32857142857,3.1452
45,79200.0,0,79912.32857142857,3.1452
46,78300.0,0,79041.13142857143,3.95168
46,78600.0,0,79341.13142857143,3.95168
33,78900.0,0,79569.01857142858,1.93252
33,79200.0,0,79869.01857142858,1.93252
33,79500.0,0,80169.01857142858,1.93252
22,78900.0,0,79511.49714285714,0.32192000000000004
22,79200.0,0,79811.49714285714,0.32192000000000004
22,79500.0,0,80111.49714285714,0.32192000000000004
58,78900.0,0,79636.92857142857,3.834
58,79200.0,0,79936.92857142857,3.834
43,79200.0,0,79902.39,2.86692
43,79500.0,0,80202.39,2.86692
47,79200.0,0,79892.24,2.5827199999999997
47,79500.0,0,80192.24,2.5827199999999997
51,79200.0,0,79913.93142857144,3.19008
51,79500.0,0,80213.93142857144,3.19008
41,79200.0,0,79894.03857142857,2.63308
41,79500.0,0,80194.03857142857,2.63308
53,79800.0,0,80525.52428571429,3.51468
42,80100.0,0,80827.19857142857,3.56156
42,80400.0,0,81127.19857142857,3.56156
3,80700.0,0,81324.70857142858,0.69184
3,81000.0,0,81624.70857142858,0.69184
3,81300.0,0,81924.70857142858,0.69184
3,81600.0,0,82224.70857142858,0.69184
32,80700.0,0,81356.93571428572,1.5942
32,81000.0,0,81656.93571428572,1.5942
32,81300.0,0,81956.93571428572,1.5942
32,81600.0,0,82256.93571428572,1.5942
7,81000.0,0,81634.72428571428,0.97228
11,81000.0,0,81603.12857142858,0.0876
11,81300.0,0,81903.12857142858,0.0876
11,81600.0,0,82203.12857142858,0.0876
5,81000.0,0,81607.32428571429,0.20508
43,81300.0,0,82002.39,2.86692
43,81600.0,0,82302.39,2.86692
43,81900.0,0,82602.39,2.86692
43,82200.0,0,82902.39,2.86692
25,81600.0,0,82229.19285714286,0.8174
25,81900.0,0,82529.19285714286,0.8174
31,81900.0,0,82558.71714285715,1.64408
52,82200.0,0,82916.01714285715,3.2484800000000003
52,82500.0,0,83216.01714285715,3.2484800000000003
27,82800.0,0,83438.31857142856,1.07292
27,83100.0,0,83738.31857142856,1.07292
9,83100.0,0,83753.12142857142,1.4874
9,83400.0,0,84053.12142857142,1.4874
9,83700.0,0,84353.12142857142,1.4874
18,83700.0,0,84366.54285714286,1.8632000000000002
18,84000.0,0,84666.54285714286,1.8632000000000002
13,84600.0,0,85282.25142857143,2.30304
13,84900.0,0,85582.25142857143,2.30304
13,85200.0,0,85882.25142857143,2.30304
17,84600.0,0,85265.43571428572,1.8322
17,84900.0,0,85565.43571428572,1.8322
17,85200.0,0,85865.43571428572,1.8322
17,85500.0,0,86165.43571428572,1.8322
19,84600.0,0,85266.89428571428,1.87304
19,84900.0,0,85566.89428571428,1.87304
19,85200.0,0,85866.89428571428,1.87304
19,85500.0,0,86166.89428571428,1.87304
6,85800.0,0,86424.20571428571,0.67776
6,86100.0,0,86724.20571428571,0.67776
6,86400.0,0,87024.20571428571,0.67776
6,86700.0,0,87324.20571428571,0.67776
10,86100.0,0,86703.47142857143,0.09720000000000001
10,86400.0,0,87003.47142857143,0.09720000000000001
0,-1524.7085714285715,3,-900.0,0.69184
0,-1824.7085714285715,3,-1200.0,0.69184
0,-2124.7085714285713,3,-1500.0,0.69184
0,-1036.35,44,-300.0,3.8178
0,-1336.35,44,-600.0,3.8178
0,-1636.35,44,-900.0,3.8178
0,-1936.35,44,-1200.0,3.8178
0,-607.08,1,0.0,0.19824
0,-907.08,1,-300.0,0.19824
0,-1207.08,1,-600.0,0.19824
0,-348.8671428571429,29,300.0,1.36828
0,-648.8671428571429,29,0.0,1.36828
0,-38.30857142857143,27,600.0,1.07264
0,-338.30857142857144,27,300.0,1.07264
0,186.09142857142857,51,900.0,3.1894400000000003
0,-113.90857142857143,51,600.0,3.1894400000000003
0,-413.90857142857146,51,300.0,3.1894400000000003
0,892.6757142857143,5,1500.0,0.20508
0,592.6757142857143,5,1200.0,0.20508
0,807.7714285714286,47,1500.0,2.5824000000000003
0,1141.2885714285715,31,1800.0,1.64392
0,841.2885714285715,31,1500.0,1.64392
0,541.2885714285715,31,1200.0,1.64392
0,1171.51,26,1800.0,0.7977200000000001
0,871.51,26,1500.0,0.7977200000000001
0,2000.4485714285715,17,2700.0,2.78744
0,1700.4485714285715,17,2400.0,2.78744
0,2916.534285714286,39,3600.0,2.33704
0,2616.534285714286,39,3300.0,2.33704
0,2316.534285714286,39,3000.0,2.33704
0,2016.5342857142857,39,2700.0,2.33704
0,4743.457142857143,32,5400.0,1.5832000000000002
0,4443.457142857143,32,5100.0,1.5832000000000002
0,4751.132857142858,29,5400.0,1.36828
0,4451.132857142858,29,5100.0,1.36828
0,4151.132857142858,29,4800.0,1.36828
0,3851.132857142857,29,4500.0,1.36828
0,5325.905714285715,37,6000.0,2.07464
0,5025.905714285715,37,5700.0,2.07464
0,8656.568571428572,8,9300.0,1.21608
0,8356.568571428572,8,9000.0,1.21608
0,8056.568571428572,8,8700.0,1.21608
0,7756.568571428572,8,8400.0,1.21608
0,10438.365714285714,15,11100.0,1.72576
0,24194.077142857142,16,24900.0,2.96584
0,23894.077142857142,16,24600.0,2.96584
0,23594.077142857142,16,24300.0,2.96584
0,24551.132857142857,29,25200.0,1.36828
0,24251.132857142857,29,24900.0,1.36828
0,24501.907142857144,19,25200.0,2.7466
0,24201.907142857144,19,24900.0,2.7466
0,26379.495714285713,23,27000.0,0.57412
0,26331.514285714286,14,27000.0,1.9176
0,26031.514285714286,14,26700.0,1.9176
0,26564.797142857144,38,27300.0,3.7856799999999997
0,26970.817142857144,25,27600.0,0.8171200000000001
0,26670.817142857144,25,27300.0,0.8171200000000001
0,26947.23,9,27600.0,1.47756
0,26647.23,9,27300.0,1.47756
0,27471.432857142856,56,28200.0,3.59988
0,27171.432857142856,56,27900.0,3.59988
0,26871.432857142856,56,27600.0,3.59988
0,26571.432857142856,56,27300.0,3.59988
0,27496.262857142858,49,28200.0,2.90464
0,27531.005714285715,33,28200.0,1.93184
0,27231.005714285715,33,27900.0,1.93184
0,26931.005714285715,33,27600.0,1.93184
0,26631.005714285715,33,27300.0,1.93184
0,27460.41,46,28200.0,3.90852
0,27160.41,46,27900.0,3.90852
0,26860.41,46,27600.0,3.90852
0,26560.41,46,27300.0,3.90852
0,27800.448571428573,17,28500.0,2.78744
0,27500.448571428573,17,28200.0,2.78744
0,27838.365714285716,15,28500.0,1.72576
0,27860.327142857142,28,28500.0,1.11084
0,27560.327142857142,28,28200.0,1.11084
0,27851.961428571427,30,28500.0,1.34508
0,27551.961428571427,30,28200.0,1.34508
0,27841.288571428573,31,28500.0,1.64392
0,27541.288571428573,31,28200.0,1.64392
0,28425.905714285713,37,29100.0,2.07464
0,28125.905714285713,37,28800.0,2.07464
0,27825.905714285713,37,28500.0,2.07464
0,27525.905714285713,37,28200.0,2.07464
0,28667.62,55,29400.0,3.70664
0,28974.18857142857,36,29700.0,3.52272
0,28674.18857142857,36,29400.0,3.52272
0,28374.18857142857,36,29100.0,3.52272
0,29581.11,54,30300.0,3.32892
0,29281.11,54,30000.0,3.32892
0,29606.80285714286,41,30300.0,2.60952
0,29306.80285714286,41,30000.0,2.60952
0,29696.52857142857,10,30300.0,0.09720000000000001
0,29965.634285714284,7,30600.0,0.96224
0,29665.634285714284,7,30300.0,0.96224
0,29365.634285714284,7,30000.0,0.96224
0,30516.534285714286,39,31200.0,2.33704
0,30216.534285714286,39,30900.0,2.33704
0,29916.534285714286,39,30600.0,2.33704
0,30551.132857142857,29,31200.0,1.36828
0,30251.132857142857,29,30900.0,1.36828
0,30533.141428571427,34,31200.0,1.87204
0,30233.141428571427,34,30900.0,1.87204
0,29933.141428571427,34,30600.0,1.87204
0,30876.152857142857,6,31500.0,0.6677200000000001
0,30576.152857142857,6,31200.0,0.6677200000000001
0,30888.878571428573,22,31500.0,0.3114
0,31418.397142857142,35,32100.0,2.2848800000000002
0,31118.397142857142,35,31800.0,2.2848800000000002
0,31374.487142857142,53,32100.0,3.5143600000000004
0,31481.307142857142,24,32100.0,0.5234
0,31181.307142857142,24,31800.0,0.5234
0,31426.324285714287,13,32100.0,2.06292
0,31665.085714285713,58,32400.0,3.7776
0,31365.085714285713,58,32100.0,3.7776
0,31065.085714285713,58,31800.0,3.7776
0,31792.92,1,32400.0,0.19824
0,31492.92,1,32100.0,0.19824
0,31192.92,1,31800.0,0.19824
0,30892.92,1,31500.0,0.19824
0,32031.005714285715,33,32700.0,1.93184
0,31731.005714285715,33,32400.0,1.93184
0,32257.454285714284,57,33000.0,3.99128
0,31957.454285714284,57,32700.0,3.99128
0,32294.077142857142,16,33000.0,2.96584
0,31994.077142857142,16,32700.0,2.96584
0,31694.077142857142,16,32400.0,2.96584
0,32254.364285714284,42,33000.0,4.0778
0,31954.364285714284,42,32700.0,4.0778
0,31654.364285714284,42,32400.0,4.0778
0,32396.871428571427,11,33000.0,0.0876
0,32096.871428571427,11,32700.0,0.0876
0,31796.871428571427,11,32400.0,0.0876
0,33570.817142857144,25,34200.0,0.8171200000000001
0,33270.817142857144,25,33900.0,0.8171200000000001
0,33551.96142857143,30,34200.0,1.34508
0,33251.96142857143,30,33900.0,1.34508
0,33801.555714285714,18,34500.0,2.75644
0,33501.555714285714,18,34200.0,2.75644
0,34147.23,9,34800.0,1.47756
0,33847.23,9,34500.0,1.47756
0,33547.23,9,34200.0,1.47756
0,33247.23,9,33900.0,1.47756
0,34060.41,46,34800.0,3.90852
0,33760.41,46,34500.0,3.90852
0,33460.41,46,34200.0,3.90852
0,34697.06428571429,50,35400.0,2.8822
0,34397.06428571429,50,35100.0,2.8822
0,34097.06428571429,50,34800.0,2.8822
0,35287.572857142855,52,36000.0,3.1479600000000003
0,35341.28857142857,31,36000.0,1.64392
0,35041.28857142857,31,35700.0,1.64392
0,35601.90714285714,19,36300.0,2.7466
0,35301.90714285714,19,36000.0,2.7466
0,35001.90714285714,19,35700.0,2.7466
0,35606.80285714286,41,36300.0,2.60952
0,35306.80285714286,41,36000.0,2.60952
0,35864.79714285714,38,36600.0,3.7856799999999997
0,35564.79714285714,38,36300.0,3.7856799999999997
0,36843.45714285714,32,37500.0,1.5832000000000002
0,36543.45714285714,32,37200.0,1.5832000000000002
0,36896.52857142857,10,37500.0,0.09720000000000001
0,37788.87857142857,22,38400.0,0.3114
0,37779.49571428572,23,38400.0,0.57412
0,37479.49571428572,23,38100.0,0.57412
0,37179.49571428572,23,37800.0,0.57412
0,38076.15285714286,6,38700.0,0.6677200000000001
0,37776.15285714286,6,38400.0,0.6677200000000001
0,37476.15285714286,6,38100.0,0.6677200000000001
0,37957.45428571429,57,38700.0,3.99128
0,38318.397142857146,35,39000.0,2.2848800000000002
0,38018.397142857146,35,38700.0,2.2848800000000002
0,38267.62,55,39000.0,3.70664
0,38656.56857142857,8,39300.0,1.21608
0,38356.56857142857,8,39000.0,1.21608
0,38056.56857142857,8,38700.0,1.21608
0,38600.44857142857,17,39300.0,2.78744
0,38300.44857142857,17,39000.0,2.78744
0,38616.53428571428,39,39300.0,2.33704
0,38316.53428571428,39,39000.0,2.33704
0,38016.53428571428,39,38700.0,2.33704
0,38692.67571428572,5,39300.0,0.20508
0,38392.67571428572,5,39000.0,0.20508
0,38660.327142857146,28,39300.0,1.11084
0,38360.327142857146,28,39000.0,1.11084
0,38060.327142857146,28,38700.0,1.11084
0,38894.077142857146,16,39600.0,2.96584
0,38594.077142857146,16,39300.0,2.96584
0,39474.48714285714,53,40200.0,3.5143600000000004
0,39488.61714285714,45,40200.0,3.1187199999999997
0,39188.61714285714,45,39900.0,3.1187199999999997
0,39851.13285714286,29,40500.0,1.36828
0,39551.13285714286,29,40200.0,1.36828
0,40138.36571428571,15,40800.0,1.72576
0,39838.36571428571,15,40500.0,1.72576
0,40687.572857142855,52,41400.0,3.1479600000000003
0,40387.572857142855,52,41100.0,3.1479600000000003
0,40087.572857142855,52,40800.0,3.1479600000000003
0,39787.572857142855,52,40500.0,3.1479600000000003
0,40731.00571428571,33,41400.0,1.93184
0,40431.00571428571,33,41100.0,1.93184
0,40131.00571428571,33,40800.0,1.93184
0,40954.364285714284,42,41700.0,4.0778
0,40654.364285714284,42,41400.0,4.0778
0,40354.364285714284,42,41100.0,4.0778
0,41267.62,55,42000.0,3.70664
0,41381.30714285714,24,42000.0,0.5234
0,41081.30714285714,24,41700.0,0.5234
0,40781.30714285714,24,41400.0,0.5234
0,41670.817142857144,25,42300.0,0.8171200000000001
0,41897.06428571429,50,42600.0,2.8822
0,41597.06428571429,50,42300.0,2.8822
0,42296.87142857143,11,42900.0,0.0876
0,41996.87142857143,11,42600.0,0.0876
0,42265.63428571429,7,42900.0,0.96224
0,41965.63428571429,7,42600.0,0.96224
0,42596.52857142857,10,43200.0,0.09720000000000001
0,42296.52857142857,10,42900.0,0.09720000000000001
0,42847.23,9,43500.0,1.47756
0,43175.29142857143,3,43800.0,0.69184
0,42875.29142857143,3,43500.0,0.69184
0,42575.29142857143,3,43200.0,0.69184
0,43065.08571428571,58,43800.0,3.7776
0,43426.32428571428,13,44100.0,2.06292
0,43126.32428571428,13,43800.0,2.06292
0,43431.514285714286,14,44100.0,1.9176
0,43131.514285714286,14,43800.0,1.9176
0,42831.514285714286,14,43500.0,1.9176
0,43674.48714285714,53,44400.0,3.5143600000000004
0,43374.48714285714,53,44100.0,3.5143600000000004
0,43074.48714285714,53,43800.0,3.5143600000000004
0,42774.48714285714,53,43500.0,3.5143600000000004
0,44006.80285714286,41,44700.0,2.60952
0,43706.80285714286,41,44400.0,2.60952
0,43406.80285714286,41,44100.0,2.60952
0,44060.327142857146,28,44700.0,1.11084
0,43760.327142857146,28,44400.0,1.11084
0,43460.327142857146,28,44100.0,1.11084
0,44033.14142857143,34,44700.0,1.87204
0,43733.14142857143,34,44400.0,1.87204
0,44018.397142857146,35,44700.0,2.2848800000000002
0,43718.397142857146,35,44400.0,2.2848800000000002
0,43418.397142857146,35,44100.0,2.2848800000000002
0,44343.45714285714,32,45000.0,1.5832000000000002
0,44043.45714285714,32,44700.0,1.5832000000000002
0,44356.56857142857,8,45000.0,1.21608
0,44056.56857142857,8,44700.0,1.21608
0,44341.28857142857,31,45000.0,1.64392
0,44041.28857142857,31,44700.0,1.64392
0,43741.28857142857,31,44400.0,1.64392
0,44560.41,46,45300.0,3.90852
0,44260.41,46,45000.0,3.90852
0,43960.41,46,44700.0,3.90852
0,43660.41,46,44400.0,3.90852
0,44564.79714285714,38,45300.0,3.7856799999999997
0,45500.44857142857,17,46200.0,2.78744
0,45200.44857142857,17,45900.0,2.78744
0,44900.44857142857,17,45600.0,2.78744
0,45571.51,26,46200.0,0.7977200000000001
0,45585.47714285714,2,46200.0,0.40664
0,45285.47714285714,2,45900.0,0.40664
0,44985.47714285714,2,45600.0,0.40664
0,44685.47714285714,2,45300.0,0.40664
0,46101.555714285714,18,46800.0,2.75644
0,45801.555714285714,18,46500.0,2.75644
0,45501.555714285714,18,46200.0,2.75644
0,45201.555714285714,18,45900.0,2.75644
0,46138.36571428571,15,46800.0,1.72576
0,45838.36571428571,15,46500.0,1.72576
0,45538.36571428571,15,46200.0,1.72576
0,45238.36571428571,15,45900.0,1.72576
0,47038.36571428571,15,47700.0,1.72576
0,46738.36571428571,15,47400.0,1.72576
0,46438.36571428571,15,47100.0,1.72576
0,47331.00571428571,33,48000.0,1.93184
0,47031.00571428571,33,47700.0,1.93184
0,47361.69142857143,27,48000.0,1.07264
0,47061.69142857143,27,47700.0,1.07264
0,46761.69142857143,27,47400.0,1.07264
0,46461.69142857143,27,47100.0,1.07264
0,47257.45428571429,57,48000.0,3.99128
0,47970.817142857144,25,48600.0,0.8171200000000001
0,47670.817142857144,25,48300.0,0.8171200000000001
0,47370.817142857144,25,48000.0,0.8171200000000001
0,47951.13285714286,29,48600.0,1.36828
0,47651.13285714286,29,48300.0,1.36828
0,47351.13285714286,29,48000.0,1.36828
0,48256.56857142857,8,48900.0,1.21608
0,47956.56857142857,8,48600.0,1.21608
0,47656.56857142857,8,48300.0,1.21608
0,48596.52857142857,10,49200.0,0.09720000000000001
0,48596.87142857143,11,49200.0,0.0876
0,48296.87142857143,11,48900.0,0.0876
0,48816.53428571428,39,49500.0,2.33704
0,48516.53428571428,39,49200.0,2.33704
0,48216.53428571428,39,48900.0,2.33704
0,49081.11,54,49800.0,3.32892
0,49987.572857142855,52,50700.0,3.1479600000000003
0,50081.30714285714,24,50700.0,0.5234
0,49781.30714285714,24,50400.0,0.5234
0,49481.30714285714,24,50100.0,0.5234
0,50347.23,9,51000.0,1.47756
0,50047.23,9,50700.0,1.47756
0,49747.23,9,50400.0,1.47756
0,50676.15285714286,6,51300.0,0.6677200000000001
0,50626.32428571428,13,51300.0,2.06292
0,50326.32428571428,13,51000.0,2.06292
0,50574.48714285714,53,51300.0,3.5143600000000004
0,50274.48714285714,53,51000.0,3.5143600000000004
0,49974.48714285714,53,50700.0,3.5143600000000004
0,51786.09142857143,51,52500.0,3.1894400000000003
0,52133.14142857143,34,52800.0,1.87204
0,51833.14142857143,34,52500.0,1.87204
0,51533.14142857143,34,52200.0,1.87204
0,51233.14142857143,34,51900.0,1.87204
0,52479.49571428572,23,53100.0,0.57412
0,52179.49571428572,23,52800.0,0.57412
0,52481.30714285714,24,53100.0,0.5234
0,52181.30714285714,24,52800.0,0.5234
0,51881.30714285714,24,52500.0,0.5234
0,51581.30714285714,24,52200.0,0.5234
0,52792.67571428572,5,53400.0,0.20508
0,52492.67571428572,5,53100.0,0.20508
0,52192.67571428572,5,52800.0,0.20508
0,53065.63428571429,7,53700.0,0.96224
0,52765.63428571429,7,53400.0,0.96224
0,52465.63428571429,7,53100.0,0.96224
0,52165.63428571429,7,52800.0,0.96224
0,53038.36571428571,15,53700.0,1.72576
0,52738.36571428571,15,53400.0,1.72576
0,53318.397142857146,35,54000.0,2.2848800000000002
0,53018.397142857146,35,53700.0,2.2848800000000002
0,53641.28857142857,31,54300.0,1.64392
0,53341.28857142857,31,54000.0,1.64392
0,53041.28857142857,31,53700.0,1.64392
0,53670.817142857144,25,54300.0,0.8171200000000001
0,53370.817142857144,25,54000.0,0.8171200000000001
0,53660.327142857146,28,54300.0,1.11084
0,53360.327142857146,28,54000.0,1.11084
0,53857.45428571429,57,54600.0,3.99128
0,53557.45428571429,57,54300.0,3.99128
0,54167.62,55,54900.0,3.70664
0,53867.62,55,54600.0,3.70664
0,53567.62,55,54300.0,3.70664
0,54201.555714285714,18,54900.0,2.75644
0,53901.555714285714,18,54600.0,2.75644
0,54251.13285714286,29,54900.0,1.36828
0,53951.13285714286,29,54600.0,1.36828
0,53651.13285714286,29,54300.0,1.36828
0,53351.13285714286,29,54000.0,1.36828
0,54216.53428571428,39,54900.0,2.33704
0,53916.53428571428,39,54600.0,2.33704
0,54588.87857142857,22,55200.0,0.3114
0,54288.87857142857,22,54900.0,0.3114
0,54788.61714285714,45,55500.0,3.1187199999999997
0,54851.96142857143,30,55500.0,1.34508
0,54551.96142857143,30,55200.0,1.34508
0,54251.96142857143,30,54900.0,1.34508
0,53951.96142857143,30,54600.0,1.34508
0,55060.41,46,55800.0,3.90852
0,55354.364285714284,42,56100.0,4.0778
0,55054.364285714284,42,55800.0,4.0778
0,55492.92,1,56100.0,0.19824
0,55192.92,1,55800.0,0.19824
0,55700.44857142857,17,56400.0,2.78744
0,55694.077142857146,16,56400.0,2.96584
0,55394.077142857146,16,56100.0,2.96584
0,55094.077142857146,16,55800.0,2.96584
0,54794.077142857146,16,55500.0,2.96584
0,56396.87142857143,11,57000.0,0.0876
0,56096.87142857143,11,56700.0,0.0876
0,55796.87142857143,11,56400.0,0.0876
0,55496.87142857143,11,56100.0,0.0876
0,56676.15285714286,6,57300.0,0.6677200000000001
0,56376.15285714286,6,57000.0,0.6677200000000001
0,56076.15285714286,6,56700.0,0.6677200000000001
0,56643.45714285714,32,57300.0,1.5832000000000002
0,56343.45714285714,32,57000.0,1.5832000000000002
0,56043.45714285714,32,56700.0,1.5832000000000002
0,56675.29142857143,3,57300.0,0.69184
0,56375.29142857143,3,57000.0,0.69184
0,56961.69142857143,27,57600.0,1.07264
0,57163.65,44,57900.0,3.8178
0,56863.65,44,57600.0,3.8178
0,57547.23,9,58200.0,1.47756
0,57247.23,9,57900.0,1.47756
0,56947.23,9,57600.0,1.47756
0,57787.572857142855,52,58500.0,3.1479600000000003
0,58074.48714285714,53,58800.0,3.5143600000000004
0,57774.48714285714,53,58500.0,3.5143600000000004
0,58441.28857142857,31,59100.0,1.64392
0,58141.28857142857,31,58800.0,1.64392
0,58425.90571428571,37,59100.0,2.07464
0,58706.80285714286,41,59400.0,2.60952
0,58406.80285714286,41,59100.0,2.60952
0,58785.47714285714,2,59400.0,0.40664
0,58485.47714285714,2,59100.0,0.40664
0,58185.47714285714,2,58800.0,0.40664
0,58674.188571428575,36,59400.0,3.52272
0,58374.188571428575,36,59100.0,3.52272
0,59079.49571428572,23,59700.0,0.57412
0,58779.49571428572,23,59400.0,0.57412
0,58479.49571428572,23,59100.0,0.57412
0,59026.32428571428,13,59700.0,2.06292
0,58726.32428571428,13,59400.0,2.06292
0,58426.32428571428,13,59100.0,2.06292
0,58126.32428571428,13,58800.0,2.06292
0,59056.56857142857,8,59700.0,1.21608
0,58756.56857142857,8,59400.0,1.21608
0,58456.56857142857,8,59100.0,1.21608
0,59267.62,55,60000.0,3.70664
0,58967.62,55,59700.0,3.70664
0,59670.817142857144,25,60300.0,0.8171200000000001
0,59370.817142857144,25,60000.0,0.8171200000000001
0,59918.397142857146,35,60600.0,2.2848800000000002
0,59618.397142857146,35,60300.0,2.2848800000000002
0,60843.45714285714,32,61500.0,1.5832000000000002
0,60543.45714285714,32,61200.0,1.5832000000000002
0,60243.45714285714,32,60900.0,1.5832000000000002
0,60796.26285714286,49,61500.0,2.90464
0,60496.26285714286,49,61200.0,2.90464
0,61054.31428571429,40,61800.0,4.0792
0,60754.31428571429,40,61500.0,4.0792
0,61057.45428571429,57,61800.0,3.99128
0,60757.45428571429,57,61500.0,3.99128
0,60457.45428571429,57,61200.0,3.99128
0,60157.45428571429,57,60900.0,3.99128
0,61407.77142857143,47,62100.0,2.5824000000000003
0,61107.77142857143,47,61800.0,2.5824000000000003
0,60807.77142857143,47,61500.0,2.5824000000000003
0,62051.13285714286,29,62700.0,1.36828
0,62071.51,26,62700.0,0.7977200000000001
0,61771.51,26,62400.0,0.7977200000000001
0,61471.51,26,62100.0,0.7977200000000001
0,61981.11,54,62700.0,3.32892
0,61681.11,54,62400.0,3.32892
0,61381.11,54,62100.0,3.32892
0,62260.41,46,63000.0,3.90852
0,61960.41,46,62700.0,3.90852
0,61660.41,46,62400.0,3.90852
0,62254.364285714284,42,63000.0,4.0778
0,62943.45714285714,32,63600.0,1.5832000000000002
0,62643.45714285714,32,63300.0,1.5832000000000002
0,62343.45714285714,32,63000.0,1.5832000000000002
0,62043.45714285714,32,62700.0,1.5832000000000002
0,62960.327142857146,28,63600.0,1.11084
0,62660.327142857146,28,63300.0,1.11084
0,62360.327142857146,28,63000.0,1.11084
0,63251.96142857143,30,63900.0,1.34508
0,62951.96142857143,30,63600.0,1.34508
0,62651.96142857143,30,63300.0,1.34508
0,62351.96142857143,30,63000.0,1.34508
0,63296.52857142857,10,63900.0,0.09720000000000001
0,63794.077142857146,16,64500.0,2.96584
0,63494.077142857146,16,64200.0,2.96584
0,63194.077142857146,16,63900.0,2.96584
0,63786.09142857143,51,64500.0,3.1894400000000003
0,63486.09142857143,51,64200.0,3.1894400000000003
0,63870.817142857144,25,64500.0,0.8171200000000001
0,64138.36571428571,15,64800.0,1.72576
0,63838.36571428571,15,64500.0,1.72576
0,63538.36571428571,15,64200.0,1.72576
0,63238.36571428571,15,63900.0,1.72576
0,64765.63428571429,7,65400.0,0.96224
0,64706.80285714286,41,65400.0,2.60952
0,64406.80285714286,41,65100.0,2.60952
0,64106.80285714286,41,64800.0,2.60952
0,63806.80285714286,41,64500.0,2.60952
0,65031.514285714286,14,65700.0,1.9176
0,64731.514285714286,14,65400.0,1.9176
0,64431.514285714286,14,65100.0,1.9176
0,65092.92,1,65700.0,0.19824
0,64792.92,1,65400.0,0.19824
0,65385.47714285714,2,66000.0,0.40664
0,65587.57285714286,52,66300.0,3.1479600000000003
0,65287.572857142855,52,66000.0,3.1479600000000003
0,64987.572857142855,52,65700.0,3.1479600000000003
0,65992.67571428571,5,66600.0,0.20508
0,65941.28857142857,31,66600.0,1.64392
0,65641.28857142857,31,66300.0,1.64392
0,65867.62,55,66600.0,3.70664
0,65567.62,55,66300.0,3.70664
0,65857.45428571428,57,66600.0,3.99128
0,65557.45428571428,57,66300.0,3.99128
0,65257.45428571429,57,66000.0,3.99128
0,66207.77142857143,47,66900.0,2.5824000000000003
0,65907.77142857143,47,66600.0,2.5824000000000003
0,66201.55571428571,18,66900.0,2.75644
0,65901.55571428571,18,66600.0,2.75644
0,65601.55571428571,18,66300.0,2.75644
0,66516.53428571428,39,67200.0,2.33704
0,66216.53428571428,39,66900.0,2.33704
0,65916.53428571428,39,66600.0,2.33704
0,65616.53428571428,39,66300.0,2.33704
0,66760.41,46,67500.0,3.90852
0,66460.41,46,67200.0,3.90852
0,67065.08571428571,58,67800.0,3.7776
0,66765.08571428571,58,67500.0,3.7776
0,67156.56857142856,8,67800.0,1.21608
0,66856.56857142856,8,67500.0,1.21608
0,66556.56857142856,8,67200.0,1.21608
0,67188.87857142858,22,67800.0,0.3114
0,66888.87857142858,22,67500.0,0.3114
0,67100.44857142857,17,67800.0,2.78744
0,66800.44857142857,17,67500.0,2.78744
0,67447.23,9,68100.0,1.47756
0,68331.00571428571,33,69000.0,1.93184
0,68031.00571428571,33,68700.0,1.93184
0,68660.32714285715,28,69300.0,1.11084
0,68360.32714285715,28,69000.0,1.11084
0,69596.52857142857,10,70200.0,0.09720000000000001
0,69296.52857142857,10,69900.0,0.09720000000000001
0,68996.52857142857,10,69600.0,0.09720000000000001
0,68696.52857142857,10,69300.0,0.09720000000000001
0,69757.45428571428,57,70500.0,3.99128
0,69457.45428571428,57,70200.0,3.99128
0,69157.45428571428,57,69900.0,3.99128
0,69781.11,54,70500.0,3.32892
0,69481.11,54,70200.0,3.32892
0,69181.11,54,69900.0,3.32892
0,69875.29142857142,3,70500.0,0.69184
0,69575.29142857142,3,70200.0,0.69184
0,69275.29142857142,3,69900.0,0.69184
0,70098.47714285714,43,70800.0,2.84264
0,69798.47714285714,43,70500.0,2.84264
0,69498.47714285714,43,70200.0,2.84264
0,70431.5142857143,14,71100.0,1.9176
0,70407.77142857143,47,71100.0,2.5824000000000003
0,70107.77142857143,47,70800.0,2.5824000000000003
0,70743.45714285714,32,71400.0,1.5832000000000002
0,70443.45714285714,32,71100.0,1.5832000000000002
0,70143.45714285714,32,70800.0,1.5832000000000002
0,70796.87142857142,11,71400.0,0.0876
0,70496.87142857142,11,71100.0,0.0876
0,70196.87142857142,11,70800.0,0.0876
0,70770.81714285714,25,71400.0,0.8171200000000001
0,70470.81714285714,25,71100.0,0.8171200000000001
0,70170.81714285714,25,70800.0,0.8171200000000001
0,69870.81714285714,25,70500.0,0.8171200000000001
0,71016.53428571428,39,71700.0,2.33704
0,70716.53428571428,39,71400.0,2.33704
0,70416.53428571428,39,71100.0,2.33704
0,71301.90714285715,19,72000.0,2.7466
0,71286.09142857142,51,72000.0,3.1894400000000003
0,70986.09142857142,51,71700.0,3.1894400000000003
0,70686.09142857142,51,71400.0,3.1894400000000003
0,71888.61714285714,45,72600.0,3.1187199999999997
0,71588.61714285714,45,72300.0,3.1187199999999997
0,71288.61714285714,45,72000.0,3.1187199999999997
0,72174.18857142857,36,72900.0,3.52272
0,71874.18857142857,36,72600.0,3.52272
0,72892.67571428571,5,73500.0,0.20508
0,72592.67571428571,5,73200.0,0.20508
0,72292.67571428571,5,72900.0,0.20508
0,71992.67571428571,5,72600.0,0.20508
0,72841.28857142857,31,73500.0,1.64392
0,72541.28857142857,31,73200.0,1.64392
0,72241.28857142857,31,72900.0,1.64392
0,73394.07714285715,16,74100.0,2.96584
0,73094.07714285715,16,73800.0,2.96584
0,74001.55571428571,18,74700.0,2.75644
0,73701.55571428571,18,74400.0,2.75644
0,73401.55571428571,18,74100.0,2.75644
0,73101.55571428571,18,73800.0,2.75644
0,74360.32714285715,28,75000.0,1.11084
0,74060.32714285715,28,74700.0,1.11084
0,73760.32714285715,28,74400.0,1.11084
0,74297.06428571428,50,75000.0,2.8822
0,73997.06428571428,50,74700.0,2.8822
0,74631.00571428571,33,75300.0,1.93184
0,74331.00571428571,33,75000.0,1.93184
0,74565.08571428571,58,75300.0,3.7776
0,74265.08571428571,58,75000.0,3.7776
0,75231.5142857143,14,75900.0,1.9176
0,74931.5142857143,14,75600.0,1.9176
0,74631.5142857143,14,75300.0,1.9176
0,75474.48714285715,53,76200.0,3.5143600000000004
0,75174.48714285715,53,75900.0,3.5143600000000004
0,74874.48714285715,53,75600.0,3.5143600000000004
0,76126.32428571429,13,76800.0,2.06292
0,75826.32428571429,13,76500.0,2.06292
0,76964.79714285715,38,77700.0,3.7856799999999997
0,76664.79714285715,38,77400.0,3.7856799999999997
0,76364.79714285715,38,77100.0,3.7856799999999997
0,77096.87142857142,11,77700.0,0.0876
0,76796.87142857142,11,77400.0,0.0876
0,76496.87142857142,11,77100.0,0.0876
0,77696.52857142857,10,78300.0,0.09720000000000001
0,77396.52857142857,10,78000.0,0.09720000000000001
0,77900.44857142857,17,78600.0,2.78744
0,77600.44857142857,17,78300.0,2.78744
0,78187.57285714286,52,78900.0,3.1479600000000003
0,77887.57285714286,52,78600.0,3.1479600000000003
0,79131.5142857143,14,79800.0,1.9176
0,79165.63428571429,7,79800.0,0.96224
0,78865.63428571429,7,79500.0,0.96224
0,79974.48714285715,53,80700.0,3.5143600000000004
0,79674.48714285715,53,80400.0,3.5143600000000004
0,80047.23,9,80700.0,1.47756
0,79747.23,9,80400.0,1.47756
0,80341.28857142857,31,81000.0,1.64392
0,80041.28857142857,31,80700.0,1.64392
0,79741.28857142857,31,80400.0,1.64392
0,80601.90714285715,19,81300.0,2.7466
0,80301.90714285715,19,81000.0,2.7466
0,80001.90714285715,19,80700.0,2.7466
0,79701.90714285715,19,80400.0,2.7466
0,80564.79714285715,38,81300.0,3.7856799999999997
0,80264.79714285715,38,81000.0,3.7856799999999997
0,79964.79714285715,38,80700.0,3.7856799999999997
0,80598.47714285714,43,81300.0,2.84264
0,80918.39714285714,35,81600.0,2.2848800000000002
0,80618.39714285714,35,81300.0,2.2848800000000002
0,81261.69142857143,27,81900.0,1.07264
0,82176.15285714286,6,82800.0,0.6677200000000001
0,82481.30714285714,24,83100.0,0.5234
0,82181.30714285714,24,82800.0,0.5234
0,81881.30714285714,24,82500.0,0.5234
0,81581.30714285714,24,82200.0,0.5234
0,82479.49571428572,23,83100.0,0.57412
0,82179.49571428572,23,82800.0,0.57412
0,82471.51,26,83100.0,0.7977200000000001
0,82171.51,26,82800.0,0.7977200000000001
0,81871.51,26,82500.0,0.7977200000000001
0,83018.39714285714,35,83700.0,2.2848800000000002
0,82718.39714285714,35,83400.0,2.2848800000000002
0,83641.28857142857,31,84300.0,1.64392
0,83341.28857142857,31,84000.0,1.64392
0,83041.28857142857,31,83700.0,1.64392
0,82741.28857142857,31,83400.0,1.64392
0,84270.81714285714,25,84900.0,0.8171200000000001
0,83970.81714285714,25,84600.0,0.8171200000000001
0,84160.41,46,84900.0,3.90852
0,83860.41,46,84600.0,3.90852
0,84216.53428571428,39,84900.0,2.33704
0,83916.53428571428,39,84600.0,2.33704
0,84260.32714285715,28,84900.0,1.11084
0,83960.32714285715,28,84600.0,1.11084
0,83660.32714285715,28,84300.0,1.11084
